ID,Brand Name,Company Name,Price,Packaging of Product,Type Of Medicine,Use,Compositions (Generic),Alchohol Interaction,Pregnancy Interaction,Lactation Interaction,DrivingInteraction,KidneyInteraction,LiverInteraction,Side Effects,How It Works,How to Use,Prescription_Required_Not,Occurance
1,Parizone S 250mg/125mg Injection,Pharmakon Lifesciences,46,1 Injection in 1 vial,vial,Parizone S 250mg/125mg Injection is used in the treatment of bacterial infections.,Ceftriaxone (250mg) and Sulbactam (125mg),Interaction with alcohol is unknown. Please consult your doctor.,Parizone S 250mg/125mg Injection is probably safe to use during pregnancy.Animal studies have shown low or no adverse effect on the foetus however there are limited human studies. Please consult your doctor.,Parizone S 250mg/125mg Injection should be used with caution during lactation. \nBreast feeding should be held until the treatment of the mother is completed and the drug is eliminated from her body.,Parizone S 250mg/125mg Injection may make you feel dizzy sleepy tired or decrease alertness. If this happens do not drive.,There is limited information available on the use of Parizone S 250mg/125mg Injection in patients with kidney disease. Please consult your doctor.,Parizone S 250mg/125mg Injection should be used with caution in patients with severe liver disease. Dose adjustment of Parizone S 250mg/125mg Injection may be needed. Please consult your doctor.Dose adjustment of Parizone S 250mg/125mg Injection is not recommended in patients with mild to moderate liver disease.,Diarrhoea Increased liver enzymes Allergic reaction Rash.,Parizone S 250mg/125mg Injection is used in the treatment of bacterial infections.,Your doctor or nurse will give you this medicine. Kindly do not self administer.,Prescription Required,0
2,SPORMAX 125 MG DRY SYRUP,Zydus Cadila,11.34,30 ml in 1 bottle,bottle,SPORMAX 125 MG DRY SYRUP is used in the treatment of bacterial infections. It is used for short-term treatment of bacterial infections of urinary tract skin and soft-tissue blood abdomen genital and lungs (pneumonia). It is also used to prevent infections after surgery.,Cefalexin (125mg),Interaction with alcohol is unknown. Please consult your doctor.,SPORMAX 125 MG DRY SYRUP is probably safe to use during pregnancy.Animal studies have shown low or no adverse effect on the foetus however there are limited human studies. Please consult your doctor.,SPORMAX 125 MG DRY SYRUP is safe to use during lactation. \nHuman studies have shown that either the drug does not pass into the breastmilk in significant amount or is not expected to cause toxicity to the baby.Avoid prolonged use of SPORMAX 125 MG DRY SYRUP since it may have possible effects such as rash and diarrhea.,SPORMAX 125 MG DRY SYRUP does not usually affect your ability to drive.,SPORMAX 125 MG DRY SYRUP should be used with caution in patients with severe kidney disease. Dose adjustment of SPORMAX 125 MG DRY SYRUP may be needed. Please consult your doctor.,SPORMAX 125 MG DRY SYRUP should be used with caution in patients with liver disease. Dose adjustment of SPORMAX 125 MG DRY SYRUP may be needed. Please consult your doctor.,Nausea Diarrhoea Allergic reaction.,SPORMAX 125 MG DRY SYRUP is used in the treatment of bacterial infections. It is used for short-term treatment of bacterial infections of urinary tract skin and soft-tissue blood abdomen genital and lungs (pneumonia). It is also used to prevent infections after surgery.,Take this medicine in the dose and duration as advised by your doctor. Check the label for directions before use. Dissolve the powder in sterile water. Shake well and use. SPORMAX 125 MG DRY SYRUP may be taken with or without food but it is better to take it at a fixed time.,Prescription Required,0
3,Xenocof A Expectorant,Orchid Chemicals & Pharmaceuticals Ltd,47.75,100 ml in 1 bottle,bottle,Xenocof A Expectorant is used in the treatment of cough.,Bromhexine (4mg) Guaifenesin (50mg) Menthol (2.5mg) Terbutaline (1.25mg),Interaction with alcohol is unknown. Please consult your doctor.,Xenocof A Expectorant may be unsafe to use during pregnancy.Animal studies have shown adverse effects on the foetus however there are limited human studies. The benefits from use in pregnant women may be acceptable despite the risk. Please consult your doctor.,No information is available on the use of Xenocof A Expectorant during lactation. Please consult your doctor.,It is not known whether Xenocof A Expectorant alters the ability to drive. Do not drive if you experience any symptoms that affect your ability to concentrate and react.,Xenocof A Expectorant is probably safe to use in patients with kidney disease. Limited data available suggests that dose adjustment of Xenocof A Expectorant may not be needed in these patients. Please consult your doctor.,Xenocof A Expectorant is probably safe to use in patients with liver disease. Limited data available suggests that dose adjustment of Xenocof A Expectorant may not be needed in these patients. Please consult your doctor.,Nausea Indigestion Bloating Vomiting Diarrhoea Stomach pain Dizziness Headache Sweating Skin rash Urticaria Tremor Increased heart rate Palpitations.,Xenocof A Expectorant is used in the treatment of cough.,Take this medicine in the dose and duration as advised by your doctor. Check the label for directions before use. Measure it with a measuring cup and take it by mouth. Shake well before use. Xenocof A Expectorant may be taken with or without food but it is better to take it at a fixed time.,Prescription Required,0
4,Theocold Plus Syrup,Theo Pharma Pvt Ltd,56,60 ml in 1 bottle,bottle,Theocold Plus Syrup is used in the treatment of common cold symptoms.,Chlorpheniramine (2mg/5ml) Paracetamol / Acetaminophen (250mg/5ml) Phenylephrine (5mg/5ml) Sodium Citrate (60mg/5ml) Menthol (1mg/5ml),Taking Chlorpheniramine+Paracetamol / Acetaminophen+Phenylephrine+Sodium Citrate+Menthol with alcohol can cause liver damage.,Theocold Plus Syrup is highly unsafe to use during pregnancy.Human and animal studies have shown significant adverse effects on the foetus. Please consult your doctor.,No information is available on the use of Theocold Plus Syrup during lactation. Please consult your doctor.,Theocold Plus Syrup may make you feel dizzy sleepy tired or decrease alertness. If this happens do not drive.,Theocold Plus Syrup is probably unsafe to use in patients with kidney disease and should be avoided. Please consult your doctor.,Theocold Plus Syrup is probably safe to use in patients with liver disease. Limited data available suggests that dose adjustment of Theocold Plus Syrup may not be needed in these patients. Please consult your doctor.,Nausea Vomiting Sleepiness Headache.,Theocold Plus Syrup is used in the treatment of common cold symptoms.,Take this medicine in the dose and duration as advised by your doctor. Check the label for directions before use. Measure it with a measuring cup and take it by mouth. Shake well before use. Theocold Plus Syrup may be taken with or without food but it is better to take it at a fixed time.Take it with food if stomach upset occurs.,Prescription Required,0
5,Zenlong 8mg Tablet,Khandelwal Laboratories Pvt Ltd,184.36,10 tablets in 1 strip,strip,Zenlong 8 mg Tablet is used in pain relief. It relieves pain and inflammation in conditions like rheumatoid arthritis ankylosing spondylitis and osteoarthritis.,Lornoxicam (8mg),Interaction with alcohol is unknown. Please consult your doctor.,Zenlong 8mg Tablet is unsafe to use during pregnancy.There is positive evidence of human fetal risk but the benefits from use in pregnant women may be acceptable despite the risk for example in life-threatening situations. Please consult your doctor.,No information is available on the use of Zenlong 8mg Tablet during lactation. Please consult your doctor.,Zenlong 8mg Tablet may make you feel dizzy sleepy tired or decrease alertness. If this happens do not drive.,Zenlong 8 mg Tablet is probably safe to use in patients with kidney disease. Limited data available suggests that dose adjustment of Zenlong 8 mg Tablet may not be needed in these patients. Please consult your doctor.,Zenlong 8 mg Tablet should be used with caution in patients with liver disease. Dose adjustment of Zenlong 8 mg Tablet may be needed. Please consult your doctor.,Nausea Vomiting Epigastric pain Indigestion Abdominal pain Constipation Flatulence Diarrhoea.,Zenlong 8 mg Tablet is used in pain relief. It relieves pain and inflammation in conditions like rheumatoid arthritis ankylosing spondylitis and osteoarthritis.,Take this medicine in the dose and duration as advised by your doctor. Swallow it as a whole. Do not chew crush or break it. Zenlong 8mg Tablet may be taken with or without food but it is better to take it at a fixed time.,Prescription Required,0
6,Attera 18mg Tablet,Icon Life Sciences,106,10 tablets in 1 strip,strip,Attera 18 mg Tablet is used in the treatment of attention deficit hyperactivity disorder (ADHD).,Atomoxetine (18mg),Attera 18mg Tablet may cause excessive drowsiness and calmness with alcohol.,Attera 18mg Tablet may be unsafe to use during pregnancy.Animal studies have shown adverse effects on the foetus however there are limited human studies. The benefits from use in pregnant women may be acceptable despite the risk. Please consult your doctor.,Attera 18mg Tablet is probably unsafe to use during lactation. \nLimited human data suggest that the drug could represent a significant risk to the baby.,Attera 18mg Tablet may make you feel dizzy sleepy tired or decrease alertness. If this happens do not drive.,Attera 18 mg Tablet is safe to use in patients with kidney disease. No dose adjustment of Attera 18 mg Tablet is recommended.,Attera 18 mg Tablet should be used with caution in patients with liver disease. Dose adjustment of Attera 18 mg Tablet may be needed. Please consult your doctor.,Headache Nausea Vomiting Sleepiness Decreased appetite Abdominal pain Increased heart rate Increased blood pressure.,Attera 18 mg Tablet is used in the treatment of attention deficit hyperactivity disorder (ADHD).,Take this medicine in the dose and duration as advised by your doctor. Swallow it as a whole. Do not chew crush or break it. Attera 18mg Tablet may be taken with or without food but it is better to take it at a fixed time.,Prescription Required,0
7,Tinro 500 mg/600 mg Tablet,Wallace Pharmaceuticals Pvt Ltd,66.93,10 tablets in 1 strip,strip,Tinro 500 mg/600 mg Tablet is used for bacterial & parasitic infections. It is used for the treatment of gastrointestinal infections such as acute diarrhoea or dysentery gynecological infections lung infections bone and joint infections infections of teeth and gums and genitourinary infections.,Ciprofloxacin (500mg) Tinidazole (600mg),Tinro 500 mg/600 mg Tablet may cause symptoms such as flushing increased heartbeat nausea thirst chest pain and low blood pressure with alcohol (Disulfiram reactions).,Tinro 500 mg/600 mg Tablet may be unsafe to use during pregnancy.Animal studies have shown adverse effects on the foetus however there are limited human studies. The benefits from use in pregnant women may be acceptable despite the risk. Please consult your doctor.,Tinro 500 mg/600 mg Tablet is probably safe to use during lactation. \nLimited human data suggests that the drug does not represent a significant risk to the baby.Baby should be closely monitored for development of fever loss of appetite and diarrhea. In case any of the above happens please inform your doctor immediately.,Do not drive unless you are feeling well.Tinro 500 mg/600 mg Tablet may make you feel drowsy or gives you problems with coordination or sensation (e.g. numbness or weakness). This may affect your driving ability.,Tinro 500 mg/600 mg Tablet should be used with caution in patients with kidney disease. Dose adjustment of Tinro 500 mg/600 mg Tablet may be needed. Please consult your doctor.,Tinro 500 mg/600 mg Tablet is probably safe to use in patients with liver disease. Limited data available suggests that dose adjustment of Tinro 500 mg/600 mg Tablet may not be needed in these patients. Please consult your doctor.,Nausea Vomiting Stomach pain Dryness in mouth Metallic taste Headache.,Tinro 500 mg/600 mg Tablet is used for bacterial & parasitic infections. It is used for the treatment of gastrointestinal infections such as acute diarrhoea or dysentery gynecological infections lung infections bone and joint infections infections of teeth and gums and genitourinary infections.,Take this medicine in the dose and duration as advised by your doctor. Swallow it as a whole. Do not chew crush or break it. Tinro 500 mg/600 mg Tablet is to be taken with food.Taking it empty stomach can cause stomach upset.Avoid Tinro 500 mg/600 mg Tablet with dairy products such as milk cheese curd butter paneer and ice cream.,Prescription Required,0
8,O2 Tablet,Medley Pharmaceuticals,119,10 tablets in 1 strip,strip,O2 Tablet is used in the treatment of bacterial & parasitic infections.,Ofloxacin (200mg) Ornidazole (500mg),O2 Tablet may cause symptoms such as flushing increased heartbeat nausea thirst chest pain and low blood pressure with alcohol (Disulfiram reactions).,O2 Tablet may be unsafe to use during pregnancy.Animal studies have shown adverse effects on the foetus however there are limited human studies. The benefits from use in pregnant women may be acceptable despite the risk. Please consult your doctor.,No information is available on the use of O2 Tablet during lactation. Please consult your doctor.,Do not drive unless you are feeling well.,O2 Tablet is probably safe to use in patients with kidney disease. Limited data available suggests that dose adjustment of O2 Tablet may not be needed in these patients. Please consult your doctor.,O2 Tablet should be used with caution in patients with liver disease. Dose adjustment of O2 Tablet may be needed. Please consult your doctor.,Nausea Loss of appetite Dizziness Headache.,O2 Tablet is used in the treatment of bacterial & parasitic infections.,Take this medicine in the dose and duration as advised by your doctor. Swallow it as a whole. Do not chew crush or break it. O2 Tablet is to be taken with food.Taking it empty stomach can cause stomach upset.,Prescription Required,0
9,Getwel Tablet,St Morrison,95.23,10 tablets in 1 strip,strip,Getwel Tablet is used to prevent nausea and vomiting in pregnancy.,Doxylamine (10mg) Vitamin B6 (Pyridoxine) (10mg) Folic Acid (2.5mg),Getwel Tablet may cause excessive drowsiness and calmness with alcohol.,Getwel Tablet is safe to use during pregnancy.Adequate and well-controlled human studies have shown low or no risk.,Getwel Tablet is probably safe to use during lactation. \nLimited human data suggests that the drug does not represent a significant risk to the baby.Larger doses or prolonged use of Getwel Tablet may cause sleepiness and other effects in the baby,Getwel Tablet may make you feel dizzy sleepy tired or decrease alertness. If this happens do not drive.,Getwel Tablet is probably safe to use in patients with kidney disease. Limited data available suggests that dose adjustment of Getwel Tablet may not be needed in these patients. Please consult your doctor.,Getwel Tablet is probably safe to use in patients with liver disease. Limited data available suggests that dose adjustment of Getwel Tablet may not be needed in these patients. Please consult your doctor.,Dryness in mouth Constipation Drowsiness Lightheadedness.,Getwel Tablet is used to prevent nausea and vomiting in pregnancy.,Take this medicine in the dose and duration as advised by your doctor. Swallow it as a whole. Do not chew crush or break it. Getwel Tablet is to be taken with food.,Prescription Required,0
10,Raplor P Tablet,Zyphar's Pharmaceuticals Pvt Ltd,72,10 tablets in 1 strip,strip,Raplor P Tablet is used for pain relief.,Lornoxicam (8mg) Paracetamol / Acetaminophen (NA),Taking Lornoxicam+Paracetamol / Acetaminophen with alcohol can cause liver damage.,Raplor P Tablet is unsafe to use during pregnancy.There is positive evidence of human fetal risk but the benefits from use in pregnant women may be acceptable despite the risk for example in life-threatening situations. Please consult your doctor.,No information is available on the use of Raplor P Tablet during lactation. Please consult your doctor.,Raplor P Tablet may make you feel dizzy sleepy tired or decrease alertness. If this happens do not drive.,Raplor P Tablet is probably safe to use in patients with kidney disease. Limited data available suggests that dose adjustment of Raplor P Tablet may not be needed in these patients. Please consult your doctor.,Raplor P Tablet should be used with caution in patients with liver disease. Dose adjustment of Raplor P Tablet may be needed. Please consult your doctor.However the use of Raplor P Tablet is not recommended in patients with severe liver disease and active liver disease.,Nausea Vomiting Indigestion Stomach pain Diarrhoea.,Raplor P Tablet is used for pain relief.,Take this medicine in the dose and duration as advised by your doctor. Swallow it as a whole. Do not chew crush or break it. Raplor P Tablet is to be taken empty stomach.,Prescription Required,0
11,Ofloren 0.3% Drop,Indoco Remedies Ltd,46.8,5 ml in 1 packet,packet,Ofloren 0.3 % Drop is used in the treatment of bacterial infections. It is also used in infections of urinary tract tonsils sinus nose throat female genital organ skin and soft tissues windpipe and lungs (pneumonia).,Ofloxacin (0.3%),Interaction with alcohol is unknown. Please consult your doctor.,Ofloren 0.3% Drop may be unsafe to use during pregnancy.Animal studies have shown adverse effects on the foetus however there are limited human studies. The benefits from use in pregnant women may be acceptable despite the risk. Please consult your doctor.,Ofloren 0.3% Drop is probably unsafe to use during lactation. \nLimited human data suggest that the drug could represent a significant risk to the baby.,Ofloren 0.3% Drop may make you feel dizzy drowsy or affect your vision. Do not drive until your vision is clear.,Ofloren 0.3 % Drop should be used with caution in patients with kidney disease. Dose adjustment of Ofloren 0.3 % Drop may be needed. Please consult your doctor.,Ofloren 0.3 % Drop should be used with caution in patients with liver disease. Dose adjustment of Ofloren 0.3 % Drop may be needed. Please consult your doctor.,Nausea Diarrhoea Allergic reaction.,Ofloren 0.3 % Drop is used in the treatment of bacterial infections. It is also used in infections of urinary tract tonsils sinus nose throat female genital organ skin and soft tissues windpipe and lungs (pneumonia).,Take this medicine in the dose and duration as advised by your doctor. Check the label for directions before use. Measure it with a marked dropper and take it as directed. Ofloren 0.3% Drop may be taken with or without food but it is better to take it at a fixed time.,Prescription Required,0
12,Dicloran MR 50 mg/2 mg Tablet,J B Chemicals and Pharmaceuticals Ltd,49,10 tablets in 1 strip,strip,Dicloran MR 50 mg/2 mg Tablet is used in pain due to muscle spasm.,Diclofenac (50mg) Tizanidine (2mg),Taking diclofenac with alcohol can increase your risk of stomach bleeding.,Dicloran MR 50 mg/2 mg Tablet is unsafe to use during pregnancy.There is positive evidence of human fetal risk but the benefits from use in pregnant women may be acceptable despite the risk for example in life-threatening situations. Please consult your doctor.,Dicloran MR 50 mg/2 mg Tablet is probably unsafe to use during lactation. \nLimited human data suggest that the drug could represent a significant risk to the baby.,Do not drive unless you are feeling well.Dicloran MR 50 mg/2 mg Tablet may cause headaches blurred vision dizziness or drowsiness in some patients. This may affect your ability to drive.,Dicloran MR 50 mg/2 mg Tablet should be used with caution in patients with kidney disease. Dose adjustment of Dicloran MR 50 mg/2 mg Tablet may be needed. Please consult your doctor.,Dicloran MR 50 mg/2 mg Tablet should be used with caution in patients with liver disease. Dose adjustment of Dicloran MR 50 mg/2 mg Tablet may be needed. Please consult your doctor.Use of Dicloran MR 50 mg/2 mg Tablet is not advised in patients with severe liver disease. Liver function tests are recommended before the start of treatment and then on a regular basis as advised.,Nausea Vomiting Stomach pain / epigastric pain Heartburn Diarrhoea Dryness in mouth Loss of appetite Sleepiness.,Dicloran MR 50 mg/2 mg Tablet is used in pain due to muscle spasm.,Take this medicine in the dose and duration as advised by your doctor. Swallow it as a whole. Do not chew crush or break it. Dicloran MR 50 mg/2 mg Tablet is to be taken with food.This will help to avoid acidity and heartburn.,Prescription Required,0
13,Ofler 200mg Infusion,Aristo Pharmaceuticals Pvt Ltd,84,100 ml in 1 bottle,bottle,Ofler 200 mg Infusion is used in the treatment of bacterial infections. It is also used in infections of urinary tract tonsils sinus nose throat female genital organ skin and soft tissues windpipe and lungs (pneumonia).,Ofloxacin (200mg),Interaction with alcohol is unknown. Please consult your doctor.,Ofler 200mg Infusion may be unsafe to use during pregnancy.Animal studies have shown adverse effects on the foetus however there are limited human studies. The benefits from use in pregnant women may be acceptable despite the risk. Please consult your doctor.,Ofler 200mg Infusion is probably unsafe to use during lactation. \nLimited human data suggest that the drug could represent a significant risk to the baby.,Ofler 200mg Infusion may make you feel dizzy drowsy or affect your vision. Do not drive until your vision is clear.,Ofler 200 mg Infusion should be used with caution in patients with kidney disease. Dose adjustment of Ofler 200 mg Infusion may be needed. Please consult your doctor.,Ofler 200 mg Infusion should be used with caution in patients with liver disease. Dose adjustment of Ofler 200 mg Infusion may be needed. Please consult your doctor.,Nausea Diarrhoea Allergic reaction.,Ofler 200 mg Infusion is used in the treatment of bacterial infections. It is also used in infections of urinary tract tonsils sinus nose throat female genital organ skin and soft tissues windpipe and lungs (pneumonia).,Your doctor or nurse will give you this medicine. Kindly do not self-administer.,Prescription Required,0
14,Syntocinon 5IU Injection,Novartis India Ltd,17.93,1 ml in 1 packet,packet,Syntocinon 5 IU Injection is used in induction of labour and post-delivery bleeding.,Oxytocin (5IU),Interaction with alcohol is unknown. Please consult your doctor.,Syntocinon 5IU Injection is highly unsafe to use during pregnancy.Human and animal studies have shown significant adverse effects on the foetus. Please consult your doctor.,Syntocinon 5IU Injection is probably unsafe to use during lactation. \nLimited human data suggest that the drug could represent a significant risk to the baby.,Do not drive unless you are feeling well.As Syntocinon 5IU Injection can start labor. Women with contractions should not drive.,There is limited information available on the use of Syntocinon 5 IU Injection in patients with kidney disease. Please consult your doctor.However cautious use is advised in patients with severe kidney disease.,There is limited information available on the use of Syntocinon 5 IU Injection in patients with liver disease. Please consult your doctor.,Vomiting Headache Slow heart rate Nausea Increased heart rate.,Syntocinon 5 IU Injection is used in induction of labour and post-delivery bleeding.,Your doctor or nurse will give you this medicine. Kindly do not self administer.,Prescription Required,0
15,Triptal Plus Tablet,Ceras Pharmaceutical,21,10 tablets in 1 strip,strip,Triptal Plus Tablet is used in the treatment of depression.,Amitriptyline (NA) Chlordiazepoxide (NA),Triptal Plus Tablet may cause excessive drowsiness and calmness with alcohol.,Triptal Plus Tablet is unsafe to use during pregnancy.There is positive evidence of human fetal risk but the benefits from use in pregnant women may be acceptable despite the risk for example in life-threatening situations. Please consult your doctor.,Triptal Plus Tablet is probably unsafe to use during lactation. \nLimited human data suggest that the drug could represent a significant risk to the baby.,Do not drive unless you are feeling well.As Triptal Plus Tablet may make you feel drowsy or affect your concentration and this may affect your ability to drive.,Triptal Plus Tablet is probably safe to use in patients with kidney disease. Limited data available suggests that dose adjustment of Triptal Plus Tablet may not be needed in these patients. Please consult your doctor.,Triptal Plus Tablet should be used with caution in patients with liver disease. Dose adjustment of Triptal Plus Tablet may be needed. Please consult your doctor.,Constipation Difficulty in urination Weight gain Confusion Orthostatic hypotension (sudden lowering of blood pressure on standing) Tiredness Blurred vision Dryness in mouth Increased heart rate Uncoordinated body movement Depression Memory impairement.,Triptal Plus Tablet is used in the treatment of depression.,Take this medicine in the dose and duration as advised by your doctor. Swallow it as a whole. Do not chew crush or break it. Triptal Plus Tablet may be taken with or without food but it is better to take it at a fixed time.,Prescription Required,0
16,Velcade 3.5mg Injection,Janssen Pharmaceuticals,60360,1 Injection in 1 vial,vial,Velcade 3.5 mg Injection is used in the treatment of multiple myeloma and mantle-cell lymphoma.,Bortezomib (3.5mg),Interaction with alcohol is unknown. Please consult your doctor.,Velcade 3.5mg Injection is unsafe to use during pregnancy.There is positive evidence of human fetal risk but the benefits from use in pregnant women may be acceptable despite the risk for example in life-threatening situations. Please consult your doctor.,Velcade 3.5mg Injection is unsafe to use during lactation. \nData suggests that the drug may cause toxicity to the baby or the mother is suffering from a condition in which breastfeeding is not advisable.,Do not drive unless you are feeling well.Velcade 3.5mg Injection might cause tiredness dizziness fainting or blurred vision which may affect your ability to drive.,Velcade 3.5 mg Injection should be used with caution in patients with severe kidney disease. Dose adjustment of Velcade 3.5 mg Injection may be needed. Please consult your doctor.Limited information is available on the use of Velcade 3.5 mg Injection in these patients.,Velcade 3.5 mg Injection should be used with caution in patients with liver disease. Dose adjustment of Velcade 3.5 mg Injection may be needed. Please consult your doctor.,Low blood platelets Fatigue Peripheral neuropathy (tingling and numbness of feet and hand) Psychiatric disturbances Nausea Vomiting Loss of appetite Fever Anemia (low number of red blood cells) Diarrhoea Decreased appetite Decreased white blood cell count (neutrophils) Constipation.,Velcade 3.5 mg Injection is used in the treatment of multiple myeloma and mantle-cell lymphoma.,Your doctor or nurse will give you this medicine. Kindly do not self administer.,Prescription Required,0
17,Stemin Forte Tablet,Ind Swift Laboratories Ltd,8.38,10 tablets in 1 strip,strip,Stemin Forte Tablet is used in the treatment of allergy symptoms.,Betamethasone (1mg),Interaction with alcohol is unknown. Please consult your doctor.,Stemin Forte Tablet may be unsafe to use during pregnancy.Animal studies have shown adverse effects on the foetus however there are limited human studies. The benefits from use in pregnant women may be acceptable despite the risk. Please consult your doctor.,Stemin Forte Tablet is probably safe to use during lactation. \nLimited human data suggests that the drug does not represent a significant risk to the baby.,Stemin Forte Tablet does not usually affect your ability to drive.,Stemin Forte Tablet is probably safe to use in patients with kidney disease. Limited data available suggests that dose adjustment of Stemin Forte Tablet may not be needed in these patients. Please consult your doctor.Regular monitoring of kidney function test may be advised while you are taking this medicine.,There is limited information available on the use of Stemin Forte Tablet in patients with liver disease. Please consult your doctor.,Electrolyte imbalance Redistribution/accumulation of body fat Bone degradation Increased risk of infection Muscle disorders Increased blood pressure Altered bone growth Skin scar Behavioural changes Cataract Increased glucose level in blood.,Stemin Forte Tablet is used in the treatment of allergy symptoms.,Take this medicine in the dose and duration as advised by your doctor. Swallow it as a whole. Do not chew crush or break it. Stemin Forte Tablet is to be taken with food.Avoid Stemin Forte Tablet with dietary sodium.,Prescription Required,0
18,Sbl trichosanthes dioica dilution 3 ch,SBL Pvt Ltd,85,bottle of 30 ml Dilution,Dilution,Used for constipation fever skin infections and wounds and alopecia areata. Chronic malaria fever kala-azaar nausea and vomiting Despondent vertigo while lying in bed headache during fever Empty feeling in the abdomen and hot feeling at 11 am owing to enlargement of the liver and spleen. Dose- As prescribed by the physician. Can be taken along with allopathic medicines. Side effects- None Precautions Maintain half an hour gap between food/drink/any other medicines and homeopathic medicine. Avoid any strong smell in the mouth while taking medicine e.g. camphor garlic onion coffee hing. Use under medical supervision.,,,,,,,,,Used for constipation fever skin infections and wounds and alopecia areata. Chronic malaria fever kala-azaar nausea and vomiting Despondent vertigo while lying in bed headache during fever Empty feeling in the abdomen and hot feeling at 11 am owing to enlargement of the liver and spleen. Dose- As prescribed by the physician. Can be taken along with allopathic medicines. Side effects- None Precautions Maintain half an hour gap between food/drink/any other medicines and homeopathic medicine. Avoid any strong smell in the mouth while taking medicine e.g. camphor garlic onion coffee hing. Use under medical supervision.,,No,0
19,Wheezal sachrol tablet,Wheezal Homeopathy,150,bottle of 25 gm Tablet,Tablet,SACHROL TABLETS RANGE OF ACTION: To control and manage Sugar level in Diabetes Mellitus. COMPOSITION: Acid Phos 3X Syzygium Jamb. 3X Ferrum Ars. 3X Dosage: 4 tablets half an hour before meals three times a day or as prescribed by the physician.Use under medical supervision.,,,,,,,,,SACHROL TABLETS RANGE OF ACTION: To control and manage Sugar level in Diabetes Mellitus. COMPOSITION: Acid Phos 3X Syzygium Jamb. 3X Ferrum Ars. 3X Dosage: 4 tablets half an hour before meals three times a day or as prescribed by the physician.Use under medical supervision.,,No,0
20,Ayurvedic life moringa tablet,Herbal Hills Wellness Resorts Pvt Ltd,345,bottle of 120 tablets,tablets,,,,,,,,,,,,No,0
21,Simply herbal garcinia cambogia extract 800mg capsule,Soulager Healthcare Pvt Ltd,2799,bottle of 60 capsules,capsules,,,,,,,,,,,,No,0
22,Sbl sulphur 0/18 lm,SBL Pvt Ltd,80,bottle of 20 gm Globules,Globules,This homeopathic remedy prepared from sulphur springs is an all time favorite for skin ailments. All complaints are characterized by severe redness pain burning and inflammation. The drug is especially useful for the following conditions- Skin Eczema dry scaly and unhealthy skin. Itchy scratching of skin that worsens in hot and humid weather. Burning sensation all over the body.PsoriasisScaling and flaking of the skin of hands feet and at the fold of joints.Cracking of skin with acrid fluid oozing out.Urticaria- Itchy red rashes all over the body. An allergic skin condition that comes on every year at the same time. Stomach and abdomenAcidity cannot tolerate milk and loves sweets. Weak feeling in the stomach must eat at 11 A.M. Lungs- Breathlessness wants the windows open. Chest Feels heavy and loaded.Rattling sound in the chest as brings out greenish sweet phlegm in morning. For females with irregular menses after a miscarriage. Mind- It is suited for persons who love philosophy and theorizing who are lazy and messy. Dose- As prescribed by the physician. Can be taken along with allopathic medicines. PrecautionsMaintain half an hour gap between food/drink/any other medicines and homeopathic medicine.Avoid any strong smell in the mouth while taking medicine e.g. camphor garlic onion coffee hing. Side effects- none reported. Use under medical supervision.,,,,,,,,,This homeopathic remedy prepared from sulphur springs is an all time favorite for skin ailments. All complaints are characterized by severe redness pain burning and inflammation. The drug is especially useful for the following conditions- Skin Eczema dry scaly and unhealthy skin. Itchy scratching of skin that worsens in hot and humid weather. Burning sensation all over the body.PsoriasisScaling and flaking of the skin of hands feet and at the fold of joints.Cracking of skin with acrid fluid oozing out.Urticaria- Itchy red rashes all over the body. An allergic skin condition that comes on every year at the same time. Stomach and abdomenAcidity cannot tolerate milk and loves sweets. Weak feeling in the stomach must eat at 11 A.M. Lungs- Breathlessness wants the windows open. Chest Feels heavy and loaded.Rattling sound in the chest as brings out greenish sweet phlegm in morning. For females with irregular menses after a miscarriage. Mind- It is suited for persons who love philosophy and theorizing who are lazy and messy. Dose- As prescribed by the physician. Can be taken along with allopathic medicines. PrecautionsMaintain half an hour gap between food/drink/any other medicines and homeopathic medicine.Avoid any strong smell in the mouth while taking medicine e.g. camphor garlic onion coffee hing. Side effects- none reported. Use under medical supervision.,,No,0
23,Dolo 650 Tablet,Micro Labs Ltd,30.24,15 tablets in 1 strip,strip,Pain Relief and Fever,Paracetamol/Acetaminophen(650)mg,It is unsafe to consume alcohol with Dolo 650 Tablet.,Dolo 650 Tablet is safe to use during pregnancy. Most studies have shown low or no risk to the developing baby.,Dolo 650 Tablet is safe to use during breastfeeding. Human studies suggest that the drug does not pass into the breastmilk in a significant amount and is not harmful to the baby.,Dolo 650 Tablet does not usually affect your ability to drive.,Dolo 650 Tablet should be used with caution in patients with kidney disease. Dose adjustment of Dolo 650 Tablet may be needed. Please consult your doctor.,Dolo 650 Tablet should be used with caution in patients with liver disease. Dose adjustment of Dolo 650 Tablet may be needed. Please consult your doctor.,No common side effects seen,It works by blocking the release of certain chemical messengers that cause pain and fever. ,Take this medicine in the dose and duration as advised by your doctor. Swallow it as a whole. Do not chew crush or break it. Dolo 650 Tablet is to be taken with food.,Prescription not required,0
24,Sumo Tablet,Alkem Laboratories ,103.5,15 tablets in 1 strip,strip,Pain Relief and Fever,Paracetamol/Acetaminophen(650)mg/Nimesulide,It is unsafe to consume alcohol with Sumo Tablet.,Sumo Tablet is unsafe to use during pregnancy as there is definite evidence of risk to the developing baby,Information regarding the use of Sumo Tablet during breastfeeding is not available. Please consult your doctor.,It is not known whether Sumo Tablet alters the ability to drive. Do not drive if you experience any symptoms that affect your ability to concentrate and react,Sumo Tablet should be used with caution in patients with kidney disease. Dose adjustment of Sumo Tablet may be needed.,Sumo Tablet is probably unsafe to use in patients with liver disease and should be avoided. Please consult your doctor.,Nausea Vomiting Diarrhea Increased Liver Enzymes,It works by blocking the release of certain chemical messengers that cause fever pain and inflammation (redness and swelling).,Take this medicine in the dose and duration as advised by your doctor. Swallow it as a whole. Do not chew crush or break it. Sumo Tablet is to be taken with food,Prescription not required,0
25,Meftal Spas Tablet,Blue Cross Laboratories Ltd.,31.2,10 tablets in 1 strip,strip,Menstrual and Abdominal Pain,Dicyclomine and Mefenamic Acid,Caution is advised when consuming alcohol with Meftal-Spas Tablet. Please consult your doctor.,Information regarding the use of Norflox 400 Tablet during pregnancy is not available. Please consult your doctor,Information regarding the use of Norflox 400 Tablet during breastfeeding is not available. Please consult your doctor.,It is not known whether Meftal-Spas Tablet alters the ability to drive. Do not drive if you experience any symptoms that affect your ability to concentrate and react,Meftal-Spas Tablet should be used with caution in patients with kidney disease. Dose adjustment of Meftal-Spas Tablet may be needed,Meftal-Spas Tablet should be used with caution in patients with liver disease. Dose adjustment of Meftal-Spas Tablet may be needed.,Dizziness Drying in Mouth Blurred Vission Nausea,Meftal-Spas Tablet is a combination of two medicines: Dicyclomine and Mefenamic Acid. Dicyclomine is an anticholinergic which works by relaxing the muscles in the stomach and gut (intestine). It stops sudden muscle contractions (spasms) thereby relieving cramps pain bloating and discomfort. ,Take this medicine in the dose and duration as advised by your doctor. Swallow it as a whole. Do not chew crush or break it.,Prescription not required,0
26,Norflox 400 Tablet,Cipla Ltd.,46.93,10 tablets in 1 strip,strip,Bacterial Infections,Norfloxacin/Lactobacillus,It is unsafe to consume alcohol with Norflox 400 Tablet,,,It is not known whether Norflox 400 Tablet alters the ability to drive. Do not drive if you experience any symptoms that affect your ability to concentrate and react,Norflox 400 Tablet should be used with caution in patients with kidney disease. Dose adjustment of Norflox 400 Tablet may be needed. Please consult your doctor.,There is limited information available on the use of Norflox 400 Tablet in patients with liver disease. Please consult your doctor.,Vomiting Headache Dizziness Stomach Pain,Norflox 400 Tablet is a combination of two medicines. Norfloxacin is an antibiotic. It works by stopping the action of a bacterial enzyme called DNA-gyrase. This prevents bacterial cells from dividing and repairing thereby killing them. ,Take this medicine in the dose and duration as advised by your doctor. Swallow it as a whole. Do not chew crush or break it.,Prescription not required,0
27,Senacept 60mg Tablet,Lupin Ltd.,991.46,10 tablets in 1 strip,strip,High calcium levels in the blood,Cinacalcet (60mg),It is not known whether it is safe to consume alcohol with Senacept 60mg Tablet. Please consult your doctor.,Senacept 60mg Tablet may be unsafe to use during pregnancy. ,Senacept 60mg Tablet is probably unsafe to use during breastfeeding.,Senacept 60mg Tablet may cause side effects which could affect your ability to drive.,Senacept 60mg Tablet is safe to use in patients with kidney disease.,Senacept 60mg Tablet should be used with caution in patients with liver disease.,Vomitting and Nausea,Senacept 60mg Tablet works by lowering a chemical (parathyroid hormone) which makes calcium level go back to normal.,Take this medicine in the dose and duration as advised by your doctor.,Prescription not required,0
28,Cofsils Cough Syrup,Cipla Ltd.,65.6,100 ml in 1 bottle,bottle,Cough,Diphenhydramine + Ammonium Chloride + Sodium Citrate,It is unsafe to consume alcohol with Cofsils Cough Syrup,Cofsils Cough Syrup is highly unsafe to use during pregnancy,Information regarding the use of Cofsils Cough Syrup during breastfeeding is not available.,Cofsils Cough Syrup may decrease alertness affect your vision or make you feel sleepy and dizzy. Do not drive if these symptoms occur,Cofsils Cough Syrup is probably unsafe to use in patients with kidney disease and should be avoided,There is limited information available on the use of Cofsils Cough Syrup in patients with liver disease,Dizziness Sleepiness Impaired Coordination,Cofsils Cough Syrup is a combination of three medicines: Diphenhydramine Ammonium chloride and Sodium citrate which relieves cough. Diphenhydramine is an antiallergic which relieves allergy symptoms like runny nose watery eyes and sneezing. Ammonium chloride is an expectorant which decreases the stickiness of mucus (phlegm) and helps in its removal from the airways. Sodium citrate is a mucolytic which thins and loosens mucus (phlegm) making it easier to cough out.,Take this medicine in the dose and duration as advised by your doctor,Prescription not required,0
29,Citzen 10mg Tablet,Kaizen Pharmaceuticals Pvt Ltd,18.46,10 tablets in 1 strip,strip,Allergic Reactions,Cetirizine,Citzen 10mg Tablet may cause excessive drowsiness with alcohol,Citzen 10mg Tablet is generally considered safe to use during pregnancy,Citzen 10mg Tablet is probably safe to use during breastfeeding,Citzen 10mg Tablet does not usually affect your ability to drive,Citzen 10mg Tablet should be used with caution in patients with kidney disease,Citzen 10mg Tablet is probably safe to use in patients with liver disease,Sleepiness,Citzen 10mg Tablet is an antihistaminic medication. It treats allergy symptoms such as itching swelling and rashes by blocking the effects of a chemical messenger (histamine) in the body.,Take this medicine in the dose and duration as advised by your doctor,Prescription not required,0
30,Benadryl Syrup,Johnson & Johnson Ltd,86.4,150 ml in 1 bottle,bottle,Cough,Diphenhydramine + Ammonium Chloride + Sodium Citrate,It is unsafe to consume alcohol with Benadryl Syrup,Benadryl Syrup is highly unsafe to use during pregnancy,Information regarding the use of Benadryl Syrup during breastfeeding is not available,Benadryl Syrup may decrease alertness affect your vision or make you feel sleepy and dizzy,Benadryl Syrup is probably unsafe to use in patients with kidney disease and should be avoided,There is limited information available on the use of Benadryl Syrup in patients with liver disease,Dizziness Sleepiness Impaired Coordination,Benadryl Syrup is a combination of three medicines: Diphenhydramine Ammonium chloride and Sodium citrate which relieves cough. Diphenhydramine is an antiallergic which relieves allergy symptoms like runny nose watery eyes and sneezing. Ammonium chloride is an expectorant which decreases the stickiness of mucus (phlegm) and helps in its removal from the airways. Sodium citrate is a mucolytic which thins and loosens mucus (phlegm) making it easier to cough out,Take this medicine in the dose and duration as advised by your doctor,Prescription not required,0
31,Nicerbium Tablet,Micro Labs Ltd,432,10 tablets in 1 strip,strip,Acute Migraine Headache,Nicergoline (30g),Caution is advised when consuming alcohol with Nicerbium Tablet,,Information regarding the use of Nicerbium Tablet during breastfeeding is not available,It is not known whether Nicerbium Tablet alters the ability to drive,There is limited information available on the use of Nicerbium Tablet in patients with kidney disease,There is limited information available on the use of Nicerbium Tablet in patients with liver disease,Vomiting Nauea fatigue,Migraine headaches are thought to result from the dilatation of blood vessels in the head,Take this medicine in the dose and duration as advised by your doctor,Prescription not required,0
32,Azithral 500 Tablet,Alembic Pharmaceuticals Ltd,93.36,5 tablets in 1 strip,strip,Bacterial Infections,Azithromycin,It is unsafe to consume alcohol with Azithral 500 Tablet,Azithral 500 Tablet is generally considered safe to use during pregnancy,Azithral 500 Tablet is safe to use during breastfeeding,Azithral 500 Tablet does not usually affect your ability to drive,Azithral 500 Tablet should be used with caution in patients with severe kidney disease,Azithral 500 Tablet should be used with caution in patients with liver disease,Vomitting and Nausea,Azithral 500 Tablet is an antibiotic. It works by preventing synthesis of essential proteins required by bacteria to carry out vital functions. Thus it stops the bacteria from growing and prevents the infection from spreading,Take this medicine in the dose and duration as advised by your docto,Prescription required,0
33,Azimax 500 Tablet,Cipla Ltd.,93.36,5 tablets in 1 strip,strip,Bacterial Infections,Azithromycin,It is unsafe to consume alcohol with Azimax 500 Tablet,Azimax 500 Tablet is generally considered safe to use during pregnancy,Azimax 500 Tablet is safe to use during breastfeeding,Azimax 500 Tablet does not usually affect your ability to drive,Azimax 500 Tablet should be used with caution in patients with severe kidney disease,Azimax 500 Tablet should be used with caution in patients with liver disease,Vomitting and Nausea,Azimax 500 Tablet is an antibiotic. It works by preventing synthesis of essential proteins required by bacteria to carry out vital functions. Thus it stops the bacteria from growing and prevents the infection from spreading,Take this medicine in the dose and duration as advised by your doctor,Prescription required,0
34,PAN 40 Tablet,Alkem Laboratories Ltd,110.4,15 tablets in 1 strip,strip,Peptic Ulcer Disease,Pantoprazole (40mg),Caution is advised when consuming alcohol with PAN 40 Tablet,PAN 40 Tablet is generally considered safe to use during pregnancy,PAN 40 Tablet is probably safe to use during breastfeeding,It is not known whether PAN 40 Tablet alters the ability to drive,,PAN 40 Tablet should be used with caution in patients with severe liver disease,Vomiting Nauea fatigue,PAN 40 Tablet is a proton pump inhibitor (PPI). It works by reducing the amount of acid in the stomach which in turn relieves acid-related indigestion and heartburn,Take this medicine in the dose and duration as advised by your doctor,Prescription not required,0
35,Zincovit Tablet,Apex Laboratories Pvt Ltd,84,15 tablets in 1 strip,strip,Calcium and Minerals,Zinc and Selenium,,,,,,,,,Take this medicine once a day,Prescription not required,0
36,Shelcal 500 Tablet,Torrent Pharmaceuticals Ltd,86,15 tablets in 1 strip,strip,Boosts Calcium and Vitamin D,Calcium 500 mg and Vitamin D3,,,,,,,,,Take this medicine once a day,Prescription not required,0
37,Crocin Pain Relief Tablet,GlaxoSmithKline Consumer Healthcare,57,15 tablets in 1 strip,strip,Pain Relief and Fever,Paracetemol and Caffeine,,,,,,,,Crocin Pain Relief Tablet targets the pain and provides relief. It affects the metabolism process and stimulates the central nervous system and makes one feel energetic and alert. It interferes with the absorption of calcium in the body and increases the blood pressure,Adults & children over 12 years consume 1 tablet 3 to 4 times in 24-hour period or as directed by the physician,Prescription not required,0
38,Crocin 650mg Tablet,GlaxoSmithKline Consumer Healthcare,30.24,15 tablets in 1 strip,strip,Used to relieve backache headache and toothache,Paracetemol,,,,,,,,Crocin Tablets is known as a mild analgesic that is used to treat mild fever and is a common pain reliever. It is often given to patients who suffer from cancer or have undergone surgery to help them cope up with the pain,Use as directed by the physician,Prescription not required,0
39,Crocin Advance Tablet,GlaxoSmithKline Consumer Healthcare,14.95,15 tablets in 1 strip,strip,Used to relieve backache headache and toothache,Paracetemol,,,,,,,,Crocin Advance Strips provides fast and effective relief from pain. It is India’s first paracetamol tablet with optizorb technology. It is known suitable for people with heart conditions  high blood pressure and sensitive stomach,Use as directed by the physician,Prescription not required,0
40,Ecosprin 75 Tablet,USV Ltd.,3.76,14 tablets in 1 strip,strip,Heart Attack and stroke,Aspirin Acetylsalicylic Acid,It is unsafe to consume alcohol with Ecosprin 75 Tablet,Ecosprin 75 Tablet is unsafe to use during pregnancy as there is definite evidence of risk to the developing baby. However the doctor may rarely prescribe it in some life-threatening situations if the benefits are more than the potential risks,Ecosprin 75 Tablet is probably unsafe to use during breastfeeding,Ecosprin 75 Tablet may decrease alertness affect your vision or make you feel sleepy and dizzy. Do not drive if these symptoms occur,Ecosprin 75 Tablet should be used with caution in patients with kidney disease,Ecosprin 75 Tablet should be used with caution in patients with liver disease,Heartburn Indigestion and Nausea,Ecosprin 75 Tablet is a non-steroidal anti-inflammatory drug (NSAID) with anti-platelet action. It works by preventing platelets from sticking together which decreases the formation of harmful blood clots. This lowers the chance of heart attack or stroke,Take this medicine in the dose and duration as advised by your doctor,Prescription not required,0
41,Saridon,Piramal Enterprises Ltd.,34,10 tablets in 1 strip,strip,Helps in reducing pain associated with fevercold and flu,Paracetemol Caffeine & Propyphenazone,,,,,,,,Saridon is a mild analgesic primarily used as a pain reliever and used to treat mild fever,Adults: Single dose of 1 tablet. Take 3 doses in 24 hours in case of necessity,Prescription not required,0
42,Aushadh Iron Tonic Syrup,Ausadh Biotech Pvt Ltd.,165,200 ml in 1 bottle,bottle,Iron Booster,Vitamins and Supplements,,,,,,,,,Take this medicine once a day,Prescription not required,0
43,Amlovas 5 Tablet,Macleods Pharmaceuticals Pvt Ltd,35,15 tablets in 1 strip,strip,Hypertension and Angina,Amlodipine,Caution is advised when consuming alcohol with Amlovas 5 Tablet.,Amlovas 5 Tablet may be unsafe to use during pregnancy,Amlovas 5 Tablet is probably safe to use during breastfeeding.,Amlovas 5 Tablet may cause side effects which could affect your ability to drive.,Amlovas 5 Tablet is safe to use in patients with kidney disease.,Amlovas 5 Tablet should be used with caution in patients with liver disease,Vomiting Nauea Fatigue Headache,Amlovas 5 Tablet is a calcium channel blocker. In high blood pressure it normalizes the blood pressure by relaxing the blood vessels to reduce the pressure on them thereby improving the blood flow in the body.,Take this medicine in the dose and duration as advised by your doctor,Prescription required,0
44,Zoryl M2 Forte Tablet PR,Intas Pharmaceuticals Ltd,170,15 tablets in 1 strip,strip,Type 2 Diabetes Mellitus,Glimepiride Metformin,It is unsafe to consume alcohol with Zoryl M2 Forte Tablet PR,Zoryl M2 Forte Tablet PR may be unsafe to use during pregnancy,Zoryl M2 Forte Tablet PR is probably safe to use during breastfeeding,Your ability to drive may be affected if your blood sugar is too low or too high,Zoryl M2 Forte Tablet PR should be used with caution in patients with kidney disease,Zoryl M2 Forte Tablet PR should be used with caution in patients with liver disease,Nausea Diarrhoea Allergic reaction Headache,Zoryl M2 Forte Tablet PR is a combination of two antidiabetic medicines: Glimepiride and Metformin. Glimepiride is a sulfonylurea which works by increasing the amount of insulin released by the pancreas in order to lower the blood glucose. Metformin is a biguanide which works by lowering glucose production in the liver delaying glucose absorption from intestines and increasing the body's sensitivity to insulin.,Take this medicine in the dose and duration as advised by your doctor,Prescription required,0
45,Zedex Cough Syrup,Wockhardt Ltd.,100,100 ml in 1 bottle,bottle,Dry Cough,Chlorpheniramine Maleate Dextromethorphan Hydrobromide,Caution is advised when consuming alcohol with Zedex Cough Syrup.,Zedex Cough Syrup may be unsafe to use during pregnancy.,Zedex Cough Syrup is probably safe to use during breastfeeding.,Zedex Cough Syrup may cause side effects which could affect your ability to drive.,Zedex Cough Syrup is probably safe to use in patients with kidney disease. ,Zedex Cough Syrup is probably unsafe to use in patients with liver disease and should be avoided.,Upset Stomach sleepiness,Zedex Cough Syrup is a combination of two medicines: Chlorpheniramine Maleate and Dextromethorphan Hydrobromide which relieves dry cough. Chlorpheniramine Maleate is an antiallergic which helps reduce cough associated with allergies by blocking the effects of a chemical messenger histamine. Dextromethorphan Hydrobromide is a cough suppressant which relieves cough by reducing the activity of cough center in the brain.,Take this medicine in the dose and duration as advised by your doctor,Prescription not required,0
46,Cetapin XR 500mg Tablet,Sanofi India Ltd.,30,15 tablets in 1 strip,strip,Type 2 Diabetes Mellitus,Metformin,It is unsafe to consume alcohol with Cetapin XR 500mg Tablet.,Cetapin XR 500mg Tablet is generally considered safe to use during pregnancy.,Cetapin XR 500mg Tablet is probably safe to use during breastfeeding.,Your ability to drive may be affected if your blood sugar is too low or too high.,Cetapin XR 500mg Tablet should be used with caution in patients with kidney disease. ,Cetapin XR 500mg Tablet should be used with caution in patients with liver disease.,Nausea vomiting diarrhoea,Cetapin XR 500mg Tablet is an anti-diabetic medication (biguanide). It works by lowering glucose production in the liver delaying the absorption of sugar (glucose) from the intestines and increasing the body's sensitivity to insulin.,Take this medicine in the dose and duration as advised by your doctor,Prescription required,0
47,Glyxambi 25mg/5mg Tablet,Boehringer Ingelheim,780,10 tablets in 1 strip,strip,Type 2 Diabetes Mellitus,Empagliflozin Linagliptin,It is not known whether it is safe to consume alcohol with Glyxambi 25mg/5mg Tablet.,Glyxambi 25mg/5mg Tablet may be unsafe to use during pregnancy.,Glyxambi 25mg/5mg Tablet is probably unsafe to use during breastfeeding. ,Your ability to drive may be affected if your blood sugar is too low or too high.,Glyxambi 25mg/5mg Tablet is probably unsafe to use in patients with kidney disease and should be avoided.,Glyxambi 25mg/5mg Tablet should be used with caution in patients with severe liver disease.,Urinary Tract Infection Sore throat,Glyxambi 25mg/5mg Tablet is a combination of two antidiabetic medicines: Empagliflozin and Linagliptin. Empagliflozin works by removing excess glucose from your body through urine. Linagliptin works by lowering glucose production in the liver delaying glucose absorption from intestines and increasing the body's sensitivity to insulin.,Take this medicine in the dose and duration as advised by your doctor,Prescription required,0
48,Telsite 40mg Tablet,Sanofi India Ltd.,108,15 tablets in 1 strip,strip,Hypertension and Angina,Telmisartan,It is unsafe to consume alcohol with Telsite 40mg Tablet.,Telsite 40mg Tablet is unsafe to use during pregnancy as there is definite evidence of risk to the developing baby.,Telsite 40mg Tablet is probably safe to use during breastfeeding.,Telsite 40mg Tablet may decrease alertness affect your vision or make you feel sleepy and dizzy.,Telsite 40mg Tablet should be used with caution in patients with severe kidney disease,Telsite 40mg Tablet should be used with caution in patients with liver disease. ,Back Pain Diarrhoea Stuffy Nose,Telsite 40mg Tablet is an angiotensin receptor blocker (ARB). It relaxes blood vessels by blocking the action of a chemical that usually makes blood vessels tighter. This lowers the blood pressure allowing the blood to flow more smoothly to different organs and the heart to pump more efficiently.,Take this medicine in the dose and duration as advised by your doctor,Prescription required,0
49,Combiflam Tablet,Sanofi India Ltd.,35,15 tablets in 1 strip,strip,Headache fever and painrelief,Ibuprofen Paracetamol Acetaminophen,It is unsafe to consume alcohol with Combiflam Tablet.,Combiflam Tablet may be unsafe to use during pregnancy.,Combiflam Tablet is safe to use during breastfeeding. ,Combiflam Tablet may decrease alertness affect your vision or make you feel sleepy and dizzy. ,Combiflam Tablet should be used with caution in patients with kidney disease. ,Combiflam Tablet should be used with caution in patients with liver disease.,Heartburn Indigestion and Nausea,Combiflam Tablet is a combination of two medicines: Ibuprofen and Paracetamol/Acetaminophen. It works by blocking the release of certain chemical messengers that cause fever pain and inflammation (redness and swelling).,Take this medicine in the dose and duration as advised by your doctor,Prescription not required,0
50,Flexon Tablet,Aristo Pharmaceuticals Pvt Ltd,22,15 tablets in 1 strip,strip,Headache fever and painrelief,Ibuprofen Paracetamol Acetaminophen,It is unsafe to consume alcohol with Flexon Tablet.,Flexon Tablet may be unsafe to use during pregnancy.,Flexon Tablet is safe to use during breastfeeding. ,,Flexon Tablet may decrease alertness affect your vision or make you feel sleepy and dizzy,Flexon Tablet should be used with caution in patients with kidney disease.,Flexon Tablet should be used with caution in patients with liver disease.,Flexon Tablet is a combination of two medicines: Ibuprofen and Paracetamol/Acetaminophen. It works by blocking the release of certain chemical messengers that cause fever pain and inflammation (redness and swelling).,Take this medicine in the dose and duration as advised by your doctor,Prescription not required,0
51,Cheston CS 2mg/10mg Syrup,Cipla Ltd.,92,100 ml in 1 bottle,bottle,Dry Cough,Chlorpheniramine Maleate Dextromethorphan Hydrobromide,Caution is advised when consuming alcohol with Cheston CS 2mg/10mg Syrup.,Cheston CS 2mg/10mg Syrup may be unsafe to use during pregnancy.,Cheston CS 2mg/10mg Syrup is probably safe to use during breastfeeding. ,Cheston CS 2mg/10mg Syrup may cause side effects which could affect your ability to drive.,Cheston CS 2mg/10mg Syrup is probably safe to use in patients with kidney disease.,Cheston CS 2mg/10mg Syrup is probably unsafe to use in patients with liver disease and should be avoided.,Upset Stomach sleepiness,Cheston CS 2mg/10mg Syrup is a combination of two medicines: Chlorpheniramine Maleate and Dextromethorphan Hydrobromide which relieves dry cough. Chlorpheniramine Maleate is an antiallergic which helps reduce cough associated with allergies by blocking the effects of a chemical messenger histamine. Dextromethorphan Hydrobromide is a cough suppressant which relieves cough by reducing the activity of cough center in the brain.,Take this medicine in the dose and duration as advised by your doctor. ,Prescription not required,0
52,Rexcof DX NF Syrup,Cipla Ltd.,101,100 ml in 1 bottle,bottle,Dry Cough,Chlorpheniramine Maleate Dextromethorphan Hydrobromide,Caution is advised when consuming alcohol with Rexcof DX NF Syrup.,Rexcof DX NF Syrup may be unsafe to use during pregnancy.,Rexcof DX NF Syrup is probably safe to use during breastfeeding.,Rexcof DX NF Syrup may cause side effects which could affect your ability to drive.,Rexcof DX NF Syrup is probably safe to use in patients with kidney disease.,Rexcof DX NF Syrup is probably unsafe to use in patients with liver disease and should be avoided.,Upset Stomach sleepiness,Rexcof DX NF Syrup is a combination of two medicines: Chlorpheniramine Maleate and Dextromethorphan Hydrobromide which relieves dry cough. Chlorpheniramine Maleate is an antiallergic which helps reduce cough associated with allergies by blocking the effects of a chemical messenger histamine. Dextromethorphan Hydrobromide is a cough suppressant which relieves cough by reducing the activity of cough center in the brain.,Take this medicine in the dose and duration as advised by your doctor. ,Prescription not required,0
53,Deletus D Syrup Strawberry,Abbott,106,100 ml in 1 bottle,bottle,Dry Cough,Chlorpheniramine Maleate Dextromethorphan Hydrobromide,Caution is advised when consuming alcohol with Deletus D Syrup Strawberry.,Deletus D Syrup Strawberry may be unsafe to use during pregnancy.,Deletus D Syrup Strawberry is probably safe to use during breastfeeding.,Deletus D Syrup Strawberry may cause side effects which could affect your ability to drive.,Deletus D Syrup Strawberry is probably safe to use in patients with kidney disease. ,Deletus D Syrup Strawberry is probably unsafe to use in patients with liver disease and should be avoided.,Upset Stomach sleepiness,Deletus D Syrup Strawberry is a combination of two medicines: Chlorpheniramine Maleate and Dextromethorphan Hydrobromide which relieves dry cough. Chlorpheniramine Maleate is an antiallergic which helps reduce cough associated with allergies by blocking the effects of a chemical messenger histamine. Dextromethorphan Hydrobromide is a cough suppressant which relieves cough by reducing the activity of cough center in the brain.,Take this medicine in the dose and duration as advised by your doctor. ,Prescription not required,0
54,Abcin 500mg Injection,Symbiosis Lab,58,1 Injection in 1 vial,vial,Bacterial Infections,Amikacin (500mg),Consuming alcohol with Abcin 500mg Injection does not cause any harmful side effects.,Abcin 500mg Injection is unsafe to use during pregnancy as there is definite evidence of risk to the developing baby. However the doctor may rarely prescribe it in some life-threatening situations if the benefits are more than the potential risks. Please consult your doctor.,Abcin 500mg Injection is safe to use during breastfeeding.,Abcin 500mg Injection may decrease alertness affect your vision or make you feel sleepy and dizzy.,Abcin 500mg Injection should be used with caution in patients with kidney disease.,Abcin 500mg Injection is probably safe to use in patients with liver disease.,Hearing Loss Increased Blood Urea,Abcin 500mg Injection is an antibiotic. It stops bacterial growth by preventing synthesis of essential proteins required by bacteria to carry out vital functions.,Your doctor or nurse will give you this medicine. Kindly do not self administer.,Prescription required,0
55,Mikacin 500mg Injection,Aristo Pharmaceuticals Pvt Ltd,92,1 Injection in 1 vial,vial,Bacterial Infections,Amikacin (500mg),Consuming alcohol with Mikacin 500mg Injection does not cause any harmful side effects.,Mikacin 500mg Injection is unsafe to use during pregnancy as there is definite evidence of risk to the developing baby.,Mikacin 500mg Injection is safe to use during breastfeeding. ,Mikacin 500mg Injection may decrease alertness affect your vision or make you feel sleepy and dizzy.,Mikacin 500mg Injection should be used with caution in patients with kidney disease.,Mikacin 500mg Injection is probably safe to use in patients with liver disease.,Hearing Loss Increased Blood Urea,Mikacin 500mg Injection is an antibiotic. It stops bacterial growth by preventing synthesis of essential proteins required by bacteria to carry out vital functions.,Your doctor or nurse will give you this medicine. Kindly do not self administer.,Prescription required,0
56,Omnikacin 500 Injection,Cipla Ltd.,121,1 Injection in 1 vial,vial,Bacterial Infections,Amikacin (500mg),Consuming alcohol with Omnikacin 500 Injection does not cause any harmful side effects.,Omnikacin 500 Injection is unsafe to use during pregnancy as there is definite evidence of risk to the developing baby.,Omnikacin 500 Injection is safe to use during breastfeeding.,Omnikacin 500 Injection may decrease alertness affect your vision or make you feel sleepy and dizzy.,Omnikacin 500 Injection should be used with caution in patients with kidney disease.,Omnikacin 500 Injection is probably safe to use in patients with liver disease.,Hearing Loss Increased Blood Urea,Omnikacin 500 Injection is an antibiotic. It stops bacterial growth by preventing synthesis of essential proteins required by bacteria to carry out vital functions.,Your doctor or nurse will give you this medicine. Kindly do not self administer.,Prescription required,0
57,Tossex DMR Syrup Kiwi Sugar Free,Abbott,95,100 ml in 1 bottle,bottle,Dry Cough,Chlorpheniramine Maleate Dextromethorphan Hydrobromide,Caution is advised when consuming alcohol with Tossex DMR Syrup Kiwi Sugar Free.,Tossex DMR Syrup Kiwi Sugar Free may be unsafe to use during pregnancy.,Tossex DMR Syrup Kiwi Sugar Free is probably safe to use during breastfeeding.,Tossex DMR Syrup Kiwi Sugar Free may cause side effects which could affect your ability to drive.,Tossex DMR Syrup Kiwi Sugar Free is probably safe to use in patients with kidney disease.,Tossex DMR Syrup Kiwi Sugar Free is probably unsafe to use in patients with liver disease and should be avoided. ,Upset Stomach sleepiness,Tossex DMR Syrup Kiwi Sugar Free is a combination of two medicines: Chlorpheniramine Maleate and Dextromethorphan Hydrobromide which relieves dry cough. Chlorpheniramine Maleate is an antiallergic which helps reduce cough associated with allergies by blocking the effects of a chemical messenger histamine. Dextromethorphan Hydrobromide is a cough suppressant which relieves cough by reducing the activity of cough center in the brain.,Take this medicine in the dose and duration as advised by your doctor. ,Prescription not required,0
58,Himalaya Koflet-SF Linctus,Himalya Drug Company,80,100 ml in 1 bottle,bottle,Works as Antitussive antiseptic anti inflammatory and cough suppressant,Tulsi Yashtimandhu,,,,,,,,,As directed by the physician,Prescription not required,0
59,Himalaya Septilin Syrup,Himalya Drug Company,115,100 ml in 1 bottle,bottle,Himalaya Sepilin syrup enhances natural immunity and acts as an immunity booster which maintains general well-being. ,Herbal Ingredients,,,,,,,,,As directed by the physician,Prescription not required,0
60,Calcirol Sachet,Cadila Pharmaceuticals Ltd.,47,1 Sachet of 1 gm granules,sachet,Calcirol sachet plays a vital role in enhancing the Calcium absorption from the intestines,Cholecalciferol Granules,,,,,,,,,As directed by the physician,Prescription not required,0
61,Calcirol Syrup,Cadila Pharmaceuticals Ltd.,90,100 ml in 1 bottle,bottle,Cholecalciferol is used to treat or prevent many conditions caused by a lack of vitamin D especially bones disorders,Cholecalciferol Granules,,,,,,,,,As directed by the physician,Prescription not required,0
62,Ostigen D Syrup,Reliance Formulation Pvt Ltd.,70,200 ml in 1 bottle,bottle,It is used to treat poor parathyroid function and manages low calcium levels in patients,Calcium 500 mg and Vitamin D3,,,,,,,,,As directed by the physician,Prescription not required,0
63,Calcimax 500 Tablet,Meyer Organics Pvt. Ltd.,300,30 tablets in 1 strip,strip,Facilitates aid during pregnancy and lactating period,Calcium 500 mg Magnesium and Vitamin D3,,,,,,,,,As directed by the physician,Prescription not required,0
64,Calcimax OP Plus Tablet,Meyer Organics Pvt. Ltd.,272,15 tablets in 1 strip,strip,Calcimax OP Plus tablet increases the bone strength & mineral content and also reduces the chance of fall & fracture.,Calcium 500 mg Magnesium and Vitamin D3,,,,,,,,,As directed by the physician,Prescription not required,0
65,Corus Soft Gelatin Capsule,Intas Pharmaceuticals Ltd,136,10 soft gelatin capsules,strip,Corus tablet is a nutritional supplement enriched with multivitamins and multi minerals.,Corus is enriched with Calcium d-pantothenate Copper Iron Magnesium Selenium Zinc Folic acid Vitamin A B1 B12 B2 B3B6 C E ,,,,,,,,,As directed by the physician,Prescription not required,0
66,Ibunij A 400 mg/325 mg Tablet,Sunji Pharma Pvt Ltd.,8.72,10 tablets in 1 strip,strip,Pain Relief and Fever,Ibuprofen Paracetamol Acetaminophen,It is unsafe to consume alcohol with Ibunij A 400 mg/325 mg Tablet.,Ibunij A 400 mg/325 mg Tablet may be unsafe to use during pregnancy. ,Ibunij A 400 mg/325 mg Tablet is safe to use during breastfeeding.,Ibunij A 400 mg/325 mg Tablet may decrease alertness affect your vision or make you feel sleepy and dizzy.,Ibunij A 400 mg/325 mg Tablet should be used with caution in patients with kidney disease.,Ibunij A 400 mg/325 mg Tablet should be used with caution in patients with liver disease.,Stomach ache indigestion,Ibunij A 400 mg/325 mg Tablet is a combination of two medicines: Ibuprofen and Paracetamol/Acetaminophen. It works by blocking the release of certain chemical messengers that cause fever pain and inflammation (redness and swelling).,Take this medicine in the dose and duration as advised by your doctor. ,Prescription not required,0
67,Brumol 400 mg/325 mg Tablet,Southshourne Corporation India,12,10 tablets in 1 strip,strip,Pain Relief and Fever,Ibuprofen Paracetamol Acetaminophen,It is unsafe to consume alcohol with Brumol 400 mg/325 mg Tablet.,Brumol 400 mg/325 mg Tablet may be unsafe to use during pregnancy.,Brumol 400 mg/325 mg Tablet is safe to use during breastfeeding. ,Brumol 400 mg/325 mg Tablet may decrease alertness affect your vision or make you feel sleepy and dizzy.,Brumol 400 mg/325 mg Tablet should be used with caution in patients with kidney disease.,Brumol 400 mg/325 mg Tablet should be used with caution in patients with liver disease.,Heartburn Indigestion and Nausea,Brumol 400 mg/325 mg Tablet is a combination of two medicines: Ibuprofen and Paracetamol/Acetaminophen. It works by blocking the release of certain chemical messengers that cause fever pain and inflammation (redness and swelling).,Take this medicine in the dose and duration as advised by your doctor. ,Prescription not required,0
68,PPG 0.3 Tablet,Abbott,250,10 tablets in 1 strip,strip,Type 2 Diabetes Mellitus,Vogilbose,It is unsafe to consume alcohol with PPG 0.3 Tablet.,PPG 0.3 Tablet is generally considered safe to use during pregnancy.,PPG 0.3 Tablet is probably safe to use during breastfeeding.,PPG 0.3 Tablet does not usually affect your ability to drive.,PPG 0.3 Tablet should be used with caution in patients with severe kidney disease.,There is limited information available on the use of PPG 0.3 Tablet in patients with liver disease.,Skin Rash Abdominal Pain,PPG 0.3 Tablet is an anti-diabetic medicine. It inhibits the intestinal enzymes responsible for breaking complex sugars into simple sugars such as glucose. This prevents blood glucose levels from rising very high immediately after meals.,Take this medicine in the dose and duration as advised by your doctor. ,Prescription not required,0
69,Cholergol Tablet,Inga Laboratories Ltd.,413,10 tablets in 1 strip,strip,Acute Migraine Headache,Nicergoline (30g),Caution is advised when consuming alcohol with Cholergol Tablet. Please consult your doctor.,Information regarding the use of Cholergol Tablet during pregnancy is not available.,Information regarding the use of Cholergol Tablet during breastfeeding is not available.,It is not known whether Cholergol Tablet alters the ability to drive.,There is limited information available on the use of Cholergol Tablet in patients with kidney disease. ,There is limited information available on the use of Cholergol Tablet in patients with liver disease.,Fatigue Nausea Vomitting,Migraine headaches are thought to result from the dilatation of blood vessels in the head. Cholergol Tablet works by constricting (narrowing) these blood vessels thereby relieving the migraine headaches.,Take this medicine in the dose and duration as advised by your doctor. ,Prescription not required,0
70,Levoxid 500mg Tablet,Enivid Lifesciences,39,5 tablets in 1 strip,strip,Bacterial Infections,Levoflaxicin,Consuming alcohol with Levoxid 500mg Tablet does not cause any harmful side effects.,Levoxid 500mg Tablet is unsafe to use during pregnancy as there is definite evidence of risk to the developing baby.,Levoxid 500mg Tablet is probably unsafe to use during breastfeeding.,Levoxid 500mg Tablet may decrease alertness affect your vision or make you feel sleepy and dizzy.,Levoxid 500mg Tablet may decrease alertness affect your vision or make you feel sleepy and dizzy.,There is limited information available on the use of Levoxid 500mg Tablet in patients with liver disease.,Headache dizziness and nausea,Levoxid 500mg Tablet is an antibiotic. It works by stopping the action of a bacterial enzyme called DNA-gyrase. This prevents the bacterial cells from dividing and repairing thereby killing them.,Take this medicine in the dose and duration as advised by your doctor. ,Prescription not required,0
71,Amodep AT Tablet,FDC Ltd.,30,14 tablets in 1 strip,strip,Hypertension and Angina,Amlodipine Atenolol,It is unsafe to consume alcohol with Amodep AT Tablet.,Amodep AT Tablet is unsafe to use during pregnancy as there is definite evidence of risk to the developing baby.,Amodep AT Tablet is probably unsafe to use during breastfeeding.,Amodep AT Tablet may cause side effects which could affect your ability to drive.,Amodep AT Tablet should be used with caution in patients with kidney disease. ,Amodep AT Tablet should be used with caution in patients with liver disease.,Headache sleepiness,Amodep AT Tablet is a combination of two medicines: Amlodipine and Atenolol which lowers blood pressure effectively. Amlodipine is a calcium channel blocker which works by relaxing blood vessels while atenolol is a beta blocker which works specifically on the heart to slow down the heart rate. Together they make the heart more efficient at pumping blood throughout the body.,Take this medicine in the dose and duration as advised by your doctor. ,Prescription not required,0
72,Hairmax Forte Solution,Apple Therapeutics Pvt Ltd.,623,60ml in 1 bottle,bottle,Hair Loss,Hydrocortisone Minoxidil Tretinoin,No interaction found/established,Hairmax Forte Solution may be unsafe to use during pregnancy.,Hairmax Forte Solution is unsafe to use during breastfeeding.,No interaction found/established,No interaction found/established,No interaction found/established,Itching and rashes,Hairmax Forte Solution is a combination of three medicines: Hydrocortisone Minoxidil and Tretinoin which treat hair loss,Take this medicine in the dose and duration as advised by your doctor. ,Prescription not required,0
73,Perfectil Tablet,Meyer Organics Pvt. Ltd.,570,30 tablets in 1 strip,strip,Promotes healthy hair skin and nails,Biotin,,,,,,,,,One tablet per day after your meal,Prescription not required,0
74,Wellman Hairfollic Tablet,Meyer Organics Pvt. Ltd.,250,10 tablets in 1 strip,strip,Stimulates hair growth,Lignans,,,,,,,,,One tablet 2-3 times daily with your main meal or as directed by the physician,Prescription not required,0
75,Follicells Tablet,Asolear Pharma Ltd.,226,10 tablets in 1 strip,strip,A therapy for hair growth and hair fall reduction.,Arginine,,,,,,,,,As directed by the physician.,Prescription not required,0
76,Hairboost Tablet,Macleods Pharmaceuticals Pvt Ltd,169,10 tablets in 1 strip,strip,Nutritional vitamin and mineral supplement for healthy hair,Biotin,,,,,,,,,As directed by the physician.,Prescription not required,0
77,Rumagesic Plus 400 mg/325 mg Tablet,Numed,35,10 tablets in 1 strip,strip,Pain Relief and Fever,Ibuprofen Paracetamol Acetaminophen,It is unsafe to consume alcohol with Rumagesic Plus 400 mg/325 mg Tablet.,Rumagesic Plus 400 mg/325 mg Tablet may be unsafe to use during pregnancy.,Rumagesic Plus 400 mg/325 mg Tablet is safe to use during breastfeeding.,Rumagesic Plus 400 mg/325 mg Tablet may decrease alertness affect your vision or make you feel sleepy and dizzy. ,Rumagesic Plus 400 mg/325 mg Tablet should be used with caution in patients with kidney disease. Dose adjustment of Rumagesic Plus 400 mg/325 mg Tablet may be needed.,Rumagesic Plus 400 mg/325 mg Tablet should be used with caution in patients with liver disease. ,Heartburn Indigestion and Nausea,Rumagesic Plus 400 mg/325 mg Tablet is a combination of two medicines: Ibuprofen and Paracetamol/Acetaminophen. It works by blocking the release of certain chemical messengers that cause fever pain and inflammation (redness and swelling).,As directed by the physician.,Prescription not required,0
78,Dexorange Syrup,Franco_Indian Pharmaceuticals Ltd.,132,200 ml in 1 bottle,bottle,Treats Iron deficiency anaemia due to hook-worm infestation chronic blood loss inadequate intake of Iron and anaemia due to pregnancy & lactation,Ferric Ammonium Citrate,,,,,,,,,As directed by the physician.,Prescription not required,0
79,Aspisol 150 Tablet,Shreya Life Sciences Pvt Ltd.,12,30 tablets in 1 strip,strip,Prevention of Heart Attack and Stroke,Aspirin Acetylsalicylic Acid Glycine,It is unsafe to consume alcohol with Aspisol 150 Tablet.,Aspisol 150 Tablet is unsafe to use during pregnancy as there is definite evidence of risk to the developing baby.,Aspisol 150 Tablet is probably unsafe to use during breastfeeding.,Aspisol 150 Tablet may decrease alertness affect your vision or make you feel sleepy and dizzy. ,Aspisol 150 Tablet should be used with caution in patients with kidney disease. ,Aspisol 150 Tablet should be used with caution in patients with liver disease.,Indigestion and Diarrhoea,Aspisol 150 Tablet is a combination of two medicines: aspirin and glycine. Aspirin is a non-steroidal anti-inflammatory drug (NSAID) with anti-platelet action.,As directed by the physician.,Prescription not required,0
80,Optive Eye Drop,Allergan India Pvt Ltd.,140,10 ml in 1 packet,packet,Dry Eyes,Carboxymethylcellulose,No interaction found/established,Information regarding the use of Optive Eye Drop during pregnancy is not available.,Information regarding the use of Optive Eye Drop during breastfeeding is not available.,Optive Eye Drop may cause blurring of your vision for a short time just after its use.,No interaction found/established,No interaction found/established,Stinging in eyes,Optiv Tears Eye Drop is a lubricant. It works similar to natural tears and provides temporary relief from burning and discomfort due to dryness of the eye.,As directed by the physician.,Prescription not required,0
81,Refresh Tears Eye Drop,Allergan India Pvt Ltd.,140,10 ml in 1 packet,packet,Dry Eyes,Carboxymethylcellulose,No interaction found/established,Information regarding the use of Refresh Tears Eye Drop during pregnancy is not available.,Information regarding the use of Refresh Tears Eye Drop during breastfeeding is not available.,Refresh Tears Eye Drop may cause blurring of your vision for a short time just after its use.,No interaction found/established,No interaction found/established,Stinging in eyes,Refresh Tears Eye Drop is a lubricant. It works similar to natural tears and provides temporary relief from burning and discomfort due to dryness of the eye.,As directed by the physician.,Prescription not required,0
82,Lubrex Eye Drop,Micro Labs Ltd,110,10 ml in 1 packet,packet,Dry Eyes,Carboxymethylcellulose,No interaction found/established,Information regarding the use of Lubrex Eye Drop during pregnancy is not available,Information regarding the use of Lubrex Eye Drop during breastfeeding is not available.,Lubrex Eye Drop may cause blurring of your vision for a short time just after its use.,No interaction found/established,No interaction found/established,Stinging in eyes,Lubrex Eye Drop is a lubricant. It works similar to natural tears and provides temporary relief from burning and discomfort due to dryness of the eye.,As directed by the physician.,Prescription not required,0
83,Sinus cm Expectorant,Dales Pharmaceuticals Ltd.,38,100 ml in 1 bottle,bottle,Cough with mucus,Bromhexine Salbutamol Albuterol Guaifenesin,It is not known whether it is safe to consume alcohol with Sinus cm Expectorant.,Sinus cm Expectorant may be unsafe to use during pregnancy.,Information regarding the use of Sinus cm Expectorant during breastfeeding is not available.,Sinus cm Expectorant may cause side effects which could affect your ability to drive.,Sinus cm Expectorant should be used with caution in patients with kidney disease.,Sinus cm Expectorant should be used with caution in patients with liver disease. ,Stomach ache indigestion,It works by relaxing the muscles in the airways and widens airways. Guaifenesin is an expectorant which decreases the stickiness of mucus (phlegm) and helps in its removal from the airways. Together they make breathing easier.,Take this medicine in the dose and duration as advised by your doctor.,Prescription not required,0
84,Solspre Nasal Spray,Abbott,353,100 ml in 1 bottle,spray,For daily nasal hygiene,Sodium Chloride 0.9% w/w as an active ingredient,,,,,,,,,As Directed by the Physician,Prescription not required,0
85,Nasivion Classic Adult 0.05% Nasal Spray,Merck Ltd,92,10 ml nasal spray,spray,Nasivion Classic Adult Nasal Spray decongests a blocked nose quickly for fast relief.,0.5 mg Oxymetazoline Hydrochloride USP + 0.3 mg Benzalkonium Chloride Solution 50% IP,,,,,,,,,As Directed by the Physician,Prescription not required,0
86,Kapinose Nasal Drops,Godrams Lifeline,37,10 ml in 1 bottle,bottle,Nasal Congestion,Xylometazoline,No interaction found/established,Kapinose Nasal Drops may be unsafe to use during pregnancy.,Kapinose Nasal Drops is probably safe to use during breastfeeding.,No interaction found/established,No interaction found/established,No interaction found/established,Burning Sensation Dry nose,It works by narrowing the small blood vessels in the inner surface of the nose. This provides temporary relief from congestion or stuffiness in the nose.,As Directed by the Physician,Prescription not required,0
87,Volini Spray,Sun Pharmaceuticals Pvt Ltd,55,15 gm spray in 1 bottle,Spray,Volini Spray is a pain relief spray which provides instant relief from muscle pain sprain and pain in the joints.,Diclofenac Diethylamine,,,,,,,,,Shake well before each use. Spray the contents from 5 cm distance on the affected areas 3-4 times in a day or as directed by the physician.,Prescription not required,0
88,Moov Pain Relief Spray,Reckitt Benckiser,174,50 gm spray in 1 bottle,Spray,Helps in relieving the pain and relaxes the muscles and help to recover fast. These ingredients penetrate deep inside to produce the warmth and are known for their pain relieving properties.,100% ayurvedic ingredients,,,,,,,,,Spread two pumps of moove spray on the affected area to form a thin film,Prescription not required,0
89,Combiflam Icy Hot Fast Pain Relief Spray,Sanofi India Ltd.,175,55 gm spray in 1 bottle,Spray,Provide instant relief from low back pain joint pain sprain and musculoskeletal sports injuries,,,,,,,,,,Spread two pumps of moove spray on the affected area to form a thin film,Prescription not required,0
90,Omnigel Spray,Cipla Ltd.,101,35 gm spray in 1 bottle,Spray,OMNIGEL goes deep to the site of pain in the joints and muscles so it provides quick and effective relief from pain,Diclofenac linseed oil Menthol and Methyl Salicylate,,,,,,,,,Spray evenly on the pain area.,Prescription not required,0
91,Relispray,MidasCare Pharmaceuticals Ltd.,120,36 gm spray in 1 bottle,Spray,Instant Pain Relief,Natural Ingredients,,,,,,,,,As directed by the physician,Prescription not required,0
92,Zandu Balm Ultra Power,Zandu Pharmaceuticals Pvt Ltd.,42,8 ml Balm,Balm,Instant Pain Relief,Natural Ingredients,,,,,,,,,Use it directly on affected area in intervals for 2-3 times a day and massage gently.,Prescription not required,0
93,Vicks Vaporub,Procter & Gamble Hygiene & Healthcare Ltd.,35,10 ml Balm in 1 bottle,Balm,Provides effective multi-symptom relief from cold symptoms. ,Natural Ingredients,,,,,,,,,Rub a thick layer on throat and chest.,Prescription not required,0
94,Deplatt A 75 Tablet,Torrent Pharmaceuticals Ltd,67,15 tablets in 1 strip,Strip,Heart Attack Prevention,Aspirin Acetylsalicylic Acid Glycine,It is unsafe to consume alcohol with Deplatt A 75 Tablet.,Deplatt A 75 Tablet is unsafe to use during pregnancy as there is definite evidence of risk to the developing baby.,Deplatt A 75 Tablet is probably unsafe to use during breastfeeding. ,Deplatt A 75 Tablet may decrease alertness affect your vision or make you feel sleepy and dizzy. ,Deplatt A 75 Tablet should be used with caution in patients with kidney disease.,Deplatt A 75 Tablet should be used with caution in patients with liver disease.,Indigestion and Nosebleeds,Deplatt A 75 Tablet is a combination of two antiplatelet medicines: Aspirin and Clopidogrel which prevent heart attack. They work by preventing the platelets from sticking together and decrease the formation of harmful blood clots.,Take this medicine in the dose and duration as advised by your doctor. ,Prescription required,0
95,Otrivin S Nasal Spray,GlaxoSmithKline Consumer Healthcare,53,10 ml nasal spray,Spray,Nasal Congestion,Saline Nasal Solution,,,,,,,,It washes away the excess mucus produced during excess cold and allergic conditions,Take as directed by the physician,Prescription not required,0
96,Evion 400mg Capsule,Merck Ltd,27,10 Capsules in 1 Strip,Strip,Reduce Vitamin E deficiency,Tocopheryl Acetate (Vitamin E),,,,,,,,It is a vitamin e capsule that has been indicated for the therapeutic management of nocturnal muscle cramps intermittent claudication and fibrocystic breast disease,Take one capsule daily or as directed by the physician.,Prescription not required,0
97,NE -400 Soft Gelatin Capsule,Cachet Pharmaceuticals Pvt Ltd.,86,10 soft gelatin capsules in 1 strip,Strip,Helps in treating acne as well as fading away scars and ugly pimple marks.,Tocopheryl Acetate (Vitamin E),,,,,,,,The NE-400 Vitamin E capsule eases nocturnal muscle cramps boosts immunity and is good for heart and liver as well.When the contents of this NE-400 Vitamin E capsules are applied to the hair it results in a lustrous and shiny head of hair. It also prevents hair fall and improves overall hair and skin texture.,Use under medical supervision.,Prescription not required,0
